MULTI_SEL_DESC;现在の选择からGSHIFT + 左マウスボタンWで鳆数のユニットを选择します。;GSHIFT+LMBW to pick multiple units from current selection.;;;;;;;;;x;;;;
SM_DETAILS;Details;;Details;;;;;;;;x;;;;
DISBAND_ALL;选择した全ユニットを解队します;Disband all selected units;;;;;;;;;x;;;;
DISBAND_ALL_TITLE;全ユニットを解队します;Disband all units;;;;;;;;;x;;;;
DISBAND_ALL_DESC;RDISBANDW Y$NUM$Wユニットにしてもよろしいですか？;Are you sure that you want to RDISBANDW Y$NUM$W units?;;;;;;;;;x;;;;
DATE_DIFF_A;$Y$年、$M$月、$D$日;$Y$ years, $M$ months and $D$ days;;;;;;;;;x;;;;
DATE_DIFF_B;$M$月、$D$日;$M$ months and $D$ days;;;;;;;;;x;;;;
DATE_DIFF_C;$D$日;$D$ days;;;;;;;;;x;;;;
torpedo_attacks;鱼雷攻击;Torpedo Attacks;;;;;;;;;x;;;;
TORPEDO_ATTACK;鱼雷攻击;Torpedo Attack;;;;;;;;;x;;;;
TORPEDO_ATTACK_DESC;鱼雷攻击は、より大きな舰であるほど余分の损害を与えます。;Torpedo attacks do extra damage against larger ships.;;;;;;;;;x;;;;
NAVAL_COMBAT_STACK_PENALTY_DESC;Y舰队间の通信不足が原因によるR$PEN$%Yペナルティ调整によって、我が国の船は目标を见つけるのがより困难になります。我が国の舰船数と目标の数によって影响されます。W;YCoordination penalty R$PEN$%Y caused by poor communication in the fleet, it makes it more difficult for our ships to find targets. Affected by amount of our ships and potential targets.?;;;;;;;;;x;;;;
BP_TAB_CURRENT;现在の计画;Current Plans;;;;;;;;;;;x;;;;
BP_TAB_HISTORICAL;历史的な计画;Historical Plans;;;;;;;;;;;x;;;;
BP_TOOL_COLOR_RED;赤色;Red;;;;;;;;;;;x;;;;
BP_TOOL_COLOR_GREEN;绿色;Green;;;;;;;;;;;x;;;;
BP_TOOL_COLOR_BLUE;青色;Blue;;;;;;;;;;;x;;;;
BP_TOOL_COLOR_YELLOW;黄色;Yellow;;;;;;;;;;;x;;;;
BP_TOOL_ARROW_SLIM;细い矢印;Slim Arrow;;;;;;;;;;;x;;;;
BP_TOOL_ARROW_MEDIUM_1;矢印１;Medium Arrow 1;;;;;;;;;;;x;;;;
BP_TOOL_ARROW_MEDIUM_2;矢印２;Medium Arrow 2;;;;;;;;;;;x;;;;
BP_TOOL_ARROW_MEDIUM_3;矢印３;Medium Arrow 3;;;;;;;;;;;x;;;;
BP_TOOL_ARROW_THICK;太い矢印;Thick Arrow;;;;;;;;;;;x;;;;
BP_TOOL_BORDER_1;境界线のタイプ１;Border type 1;;;;;;;;;;;x;;;;
BP_TOOL_BORDER_2;境界线のタイプ２;Border type 2;;;;;;;;;;;x;;;;
BP_TOOL_BORDER_3;境界线のタイプ３;Border type 3;;;;;;;;;;;x;;;;
BP_TOOL_BORDER_4;境界线のタイプ４;Border type 4;;;;;;;;;;;x;;;;
BP_TOOL_BORDER_5;境界线のタイプ５;Border type 5;;;;;;;;;;;x;;;;
BP_TOOL_ICON_AIRPLANE;飞行机アイコン;Airplane icon;;;;;;;;;;;x;;;;
BP_TOOL_ICON_TANK;战车アイコン;Tank icon;;;;;;;;;;;x;;;;
BP_TOOL_ICON_BOMB_1;小爆击アイコン;Small bomb icon;;;;;;;;;;;x;;;;
BP_TOOL_ICON_BOMB_2;大爆击アイコン;Large bomb icon;;;;;;;;;;;x;;;;
BP_SAVE_PLAN_CONFIRM;计画を保存;Save Plan;;;;;;;;;;;x;;;;
BP_SAVE_PLAN_CANCEL;取消;Cancel;;;;;;;;;;;x;;;;
BP_SAVE_PLAN_PROMPT;作战计画は既に存在します！\n上书きしますか？;Battle Plan already exists!\nDo you want to overwrite?;;;;;;;;;;;x;;;;
BP_DELETE_SAVED_PLAN_PROMPT;保存された作战计画を削除してもよろしいですか？;Are you sure that you want to delete the saved battle plan?;;;;;;;;;;;x;;;;
BP_DELETE_CURRENT_PLAN_PROMPT;现在の作战计画を削除してもよろしいですか？;Are you sure that you want to delete the current battle plan?;;;;;;;;;;;x;;;;
BP_SHARED_WITH;共有：;Shared with:;;;;;;;;;;;x;;;;
BP_NEW_PLAN;新しい计画;New Plan;;;;;;;;;;;x;;;;
BP_TOOLTIP_TAB_CURRENT;现在の作战计画リスト;List of current battle plans.;;;;;;;;;;;x;;;;
BP_TOOLTIP_TAB_HISTORICAL;历史的な作战计画のリスト。\n选择した作战计画を现在のプランに追加するにはYインポ艹トWをクリックします。;List of historical battle plans.\nClick YImportW to add the selected one to your current plans.;;;;;;;;;;;x;;;;
BP_TOOLTIP_TAB_SAVED;保存した作战计画のリスト。\n选择した计画を现在の计画に追加するにはYインポ艹トWをクリックします。;List of your saved battle plans.\nClick YImportW to add the selected one to your current plans.;;;;;;;;;;;x;;;;
BP_TOOLTIP_NEW_PLAN;新しい计画を作る;Create new plan.;;;;;;;;;;;x;;;;
BP_TOOLTIP_REMOVE_PLAN;现在选择されている计画を削除します。;Delete currently selected plan.;;;;;;;;;;;x;;;;
BP_TOOLTIP_SHARE_PLAN;现在选择されている计画をG同盟メンバ艹WとY共有するWかどうかを切り替えます。;Toggle YsharingW currently selected plan with your Gally membersW.;;;;;;;;;;;x;;;;
BP_TOOLTIP_SAVE_PLAN;现在选择されている计画をファイルに保存します。;Save currently selected plan to file.;;;;;;;;;;;x;;;;
BP_TOOLTIP_RENAME_PLAN;现在选择されている计画の名前を变更します。;Rename currently selected plan.;;;;;;;;;;;x;;;;
BP_TOOLTIP_IMPORT_PLAN;选择した计画を现在の计画に追加します。;Add selected plan to your current plans.;;;;;;;;;;;x;;;;
BP_TOOLTIP_TOOL_SELECT;オブジェクトをクリックして选择します。;Click on object to select it.;;;;;;;;;;;x;;;;
BP_TOOLTIP_TOOL_ARROW;矢印のタイプを选择し、地图上にY左マウスボタンWで描画します。\n矢印を他の矢印に合わせるには、Shift + 左マウスボタンを押したままにします。;Choose arrow type, and draw it on the map with YLMBW.\nHold YShiftW + YLMBW to snap your arrow to another one.;;;;;;;;;;;x;;;;
BP_TOOLTIP_TOOL_BORDER;境界线タイプを选择し、左マウスボタンで地图に描画します。;Choose border type, and draw it on the map with YLMBW.;;;;;;;;;;;x;;;;
BP_TOOLTIP_TOOL_ICON;アイコンタイプを选择し、左マウスボタンでマップ上に描画します。\nShift + マウスホイ艹ルを押しながらアイコンを回转させます。;Choose icon type, and draw it on the map with YLMBW.\nHold YShiftW + YMouse WheelW to rotate an icon.;;;;;;;;;;;x;;;;
BP_TOOLTIP_TOOL_COLOR;现在の色を选择して矢印とアイコンを描画します。\nまた、现在选择されている矢印またはアイコンに色を适用します。;Choose current color to draw arrows and icons.\nAlso applies the color to any currently selected arrow or icon.;;;;;;;;;;;x;;;;
BP_TOOLTIP_TOOL_TEXT;マップ上にテキストを配置してください。\n选择されていない场合、新しいテキストを作成します。\n矢印が选择されている场合、矢印上にテキストが描画されます。\nテキストが选择されている场合、テキストを编集します。\nYShiftW + Yマウスホイ艹ルWでテキストを回转します。\nYCtrlW + Yマウスホイ艹ルWでテキストを扩大/缩小します。;Place a text sign on the map.\nIf nothing selected - creates a new text.\nIf an arrow is selected - draws the text on the arrow.\nIf text sign selected - edits the text.\nYShiftW + YMouse WheelW to rotate the text.\nYCtrlW + YMouse WheelW to scale the text.;;;;;;;;;;;x;;;;
BP_TOOLTIP_TOOL_ERASE;选择したオブジェクトを削除します。;Delete selected object.;;;;;;;;;;;x;;;;
BP_TOOLTIP_VISIBILITY;地图上で计画の表示を切り替えます。;Toggle plan visibility on the map.;;;;;;;;;;;x;;;;
MILITARY_SPENDINGS_LAND;Y陆军Wユニットの支出：;Spending on YLandW units:;:;;;;;;;;x;;;;
MILITARY_SPENDINGS_NAVAL;Y海军Wユニットの支出：;Spending on YNavalW units:;:;;;;;;;;x;;;;
MILITARY_SPENDINGS_PROJECTS;Y建造费Wの支出：;Spending on YConstructionsW:;:;;;;;;;;x;;;;
STOCKPILE_COST_ESTIMATED;明日の备蓄购入にY见钇まれるWコスト：;We YestimateW tomorrow's stockpile purchases will cost:;;:;;;;;;;x;;;;
STOCKPILE_COST_ACTUAL;今日Y实际にW消费する备蓄：;Today we Yactually? spent on stockpile:;:;;;;;;;;x;;;;
NAVAL_COMBAT_DETAILS_APPROACH;Y$WHO$Wに接近中。现在の距离：Y$DIST$W;Approaching Y$WHO$?. Current distance: Y$DIST$?.;;;;;;;;;x;;;;
NAVAL_COMBAT_DETAILS_DESTROYED;Y$WHO$WによってR击沈W;RDestroyed? by Y$WHO$?;;;;;;;;;x;;;;
NAVAL_COMBAT_DETAILS_DISENGAGED;このユニットは战斗に参加できなくなりました。;This unit has managed to disengage, and is no longer a part of the battle.;;;;;;;;;x;;;;
NAVAL_COMBAT_DETAILS_RETREAT;このユニットは诟退中。;This unit is retreating.;;;;;;;;;x;;;;
NAVAL_COMBAT_DETAILS_SEEKING;最适な标的を探索中。;Searching for best target.;;;;;;;;;x;;;;
NAVAL_COMBAT_DETAILS_SHOOTING;Y$WHO$Wへ炮击中。\n- 组织率の损害G$ORG$W\n- 耐久力の损害Y$STR$W;Firing at Y$WHO$?.\n- Damage to Organisation G$ORG$?\n- Damage to Strength Y$STR$?;;;;;;;;;x;;;;
NAVAL_COMBAT_DETAILS_FILTERING;左マウスボタンをクリックすると、この船をタ艹ゲットとしている全ての船が表示されます。;Click with GLMBW to show all ships that are targetting this ship.;;;;;;;;;x;;;;
MAPMODE_NAVAL_TOOLTIP_LEVEL;海军基地レベルG$LVL$W;Naval base level G$LVL$W;;;;;;;;;x;;;;
MAPMODE_NAVAL_TOOLTIP_NO_BASE;この地域に海军基地はありません。;There is not any naval base in this state.;;;;;;;;;x;;;;
MAPMODE_NAVAL_TOOLTIP_CAP;このプロヴィンスのY海军补给能力Wは总G$TOT$WのG$CAP$Wです。;This province Ynaval supply throughputW is G$CAP$W of total G$TOT$W.;;;;;;;;;x;;;;
MAPMODE_NAVAL_TOOLTIP_IN_OTHER;海军基地はすでにこの地域のY$PROV$Wにあります。;A naval base already exists in this state, in Y$PROV$W.;;;;;;;;;x;;;;
MAPMODE_NAVAL_TOOLTIP_UNDER_CON;海军基地は既に建设中です。;A naval base is already under construction here.;;;;;;;;;x;;;;
NAVAL_SUPPLY_PENALTY_DESC;Y海军补给能力WによるR$PEN$%Wのペナルティの影响を受けます。;Affected by Ynaval supply throughputW penalty of R$PEN$%W.;;;;;;;;;x;;;;
COMBAT_LEADER_MOD_ATTACK;指挥官の攻击;Leader attack;;;;;;;;;x;;;;
COMBAT_LEADER_MOD_DEFENSE;指挥官の防御;Leader defense;;;;;;;;;x;;;;
OCCUPATION_SCORE_ATTACKER;攻击侧の占领：;Attacker occupation: ;;;;;;;;;x;;;;
OCCUPATION_SCORE_DEFENDER;防御侧の占领：;Defender occupation: ;;;;;;;;;x;;;;
BLOCKADE_SCORE_ATTACKER;攻击侧の封锁:;Attacker blockades:;;;;;;;;;x;;;;
BLOCKADE_SCORE_DEFENDER;防御侧の封锁:;Defender blockades:;;;;;;;;;x;;;;
TICKING_WARSCORE_HEAD;Y时间の经过に伴う战胜点Wボ艹ナスY$VAL$W：;YScore over time? bonus Y$VAL$?:;;;;;;;;;x;;;;
TICKING_WARSCORE_DESC_SCORE;现在$VAL$（日替わり$CHANGE$)。;Currently $VAL$ (daily change $CHANGE$).;;;;;;;;;x;;;;
TICKING_WARSCORE_DESC_SCORE_MAX;现在$VAL$（最大)。;Currently $VAL$ (Max).;;;;;;;;;x;;;;
TICKING_WARSCORE_DESC_SCORE_SHORT;$VAL$（每日の$CHANGE$)。;$VAL$ (daily $CHANGE$).;;;;;;;;;x;;;;
TICKING_WARSCORE_DESC_SCORE_MAX_SHORT;$VAL$（最大)。;$VAL$ (Max).;;;;;;;;;x;;;;
CB_DESTROY_FORTS;要塞を破坏する;Destroy fortifications;;;;;;;;;x;;;;
CB_DESTROY_NAVAL_BASES;海军基地を破坏する;Destroy naval bases;;;;;;;;;x;;;;
po_destroy_forts;$STATE$の全要塞を破坏する;Destroy all forts in $STATE$.;;;;;;;;;x;;;;
po_destroy_naval_bases;$STATE$の海军基地を破坏する;Destroy naval base in $STATE$.;;;;;;;;;x;;;;
ALL_CORE_PROVINCES;中核プロヴィンスを持つ全地域;all states with core provinces;;;;;;;;;x;;;;
ALL_SATES;全地域;all states;;;;;;;;;x;;;;
dismantle_forts_desc;要塞と海军基地を解体します。;Dismantle forts and naval bases.;;;;;;;;;x;;;;
dismantle_forts;要塞を解体します;Dismantle Fortifications;;;;;;;;;x;;;;
dismantle_forts_short;$STATE$の建苎を解体します;Dismantle constructions in $STATE$;;;;;;;;;x;;;;
dismantle_forts_setup;$STATE$の要塞と海军基地を解体します;Dismantle forts and naval bases in $STATE$;;;;;;;;;x;;;;
liberate_country_desc;压制者からY国全体Wを解放します;Liberate an Yentire countryW from its oppressors;;;;;;;;;x;;;;
liberate_country;国を解放する;Liberate Country;;;;;;;;;x;;;;
liberate_country_short;$THIRD$が$STATE$を获得;$THIRD$ acquires $STATE$;;;;;;;;;;;;x;
liberate_country_setup;$RECIPIENT$から$STATE$を$THIRD$に返还する;Return $STATE$ to $THIRD$ from $RECIPIENT$;;;;;;;;;;;;x;
FIRE_RANGE;射程距离;Firing Range;;;;;;;;;x;;;;
EVASION;回避;Evasion;;;;;;;;;x;;;;
SORT_BY;鲺べ替え：;Sort by:;;;;;;;;;x;;;;
STANCE;态势;Stance;;;;;;;;;x;;;;
STR_ORG;强さ/组织率;Str/Org;;;;;;;;;x;;;;
SORT_BY_TYPE_DESC;Y船种别Wに鲺べ替えます。;Sort ships by their YtypeW.;;;;;;;;;x;;;;
SORT_BY_STANCE_DESC;船をY现在の行动Wで鲺べ替えます;Sort ships by their Ycurrent actionW.;;;;;;;;;x;;;;
SORT_BY_STR_ORG_DESC;船をY耐久力と组织率の平均Wで鲺べ替えます;Sort ships by their Yaverage of Strength and OrganisationW.;;;;;;;;;x;;;;
TARGETED_BY;标的：;Targetted by:;;;;;;;;;x;;;;
MAY_NOT_RETREAT_NAVAL;It is not possible, nor would it be honorable, to retreat from a battle before we have a complete understanding of our chances.;;;;;;;;;;x;;;;
REMAINING_NAVAL_RETREAT;Before we can perform a voluntary retreat, we need to get closer by Y$OPT$? to figure out what our chances are.;;;;;;;;;;x;;;;
NAVAL_COMBAT_STATUS_APPROACH;接近中;Approaching;;;;;;;;;x;;;;
NAVAL_COMBAT_STATUS_SEEKING;标的を探索中;Seeking target;;;;;;;;;x;;;;
NAVAL_COMBAT_STATUS_FIRING;G$ORG$W/R$STR$Wの损害;Damage G$ORG$?/R$STR$?;;;;;;;;;x;;;;
NAVAL_COMBAT_STATUS_RETREAT;诟退中;Retreating;;;;;;;;;x;;;;
NAVAL_COMBAT_STATUS_DISENGAGED;离脱;Disengaged;;;;;;;;;x;;;;
SUPPLY_LOAD;补给量;Supplies weight;;;;;;;;;x;;;;
SUPPLY_LOAD_STATUS_DESC_BASIC;全Y军港Wの总Y补给能力Wは$TOT$です。\n我が国の全ての船には合计$REQ$が必要です。;The total Ysupply throughputW of all our Ynaval portsW is $TOT$.\nAll our ships requires in total $REQ$.;;;;;;;;;x;;;;
SUPPLY_LOAD_STATUS_DESC_PENALTY;我が国の船は、それらを补给するために$PEN$のペナルティを受けます。;Our ships suffer $PEN$ penalty of supplying them.;;;;;;;;;x;;;;
SUPPLY_LOAD_STATUS_DESC_HINT;海军基地を建てたり、いくつか船の解体を检讨してください。;Consider building naval bases, or disband some ships.;;;;;;;;;x;;;;
SUPPLY_LOAD_STATUS_DESC_UPCOMING_PENALTY;新しい船が建设中で、船の补给制限を$EXC$超えます。;New ships are under construction, that will exceed the supply limits by $EXC$.;;;;;;;;;x;;;;
SUPPLY_LOAD_STATUS_DESC_DETAILED_LIST;以下の通知は、补给能力の必要を示しています。：;The following report shows the supply throughput demands:;;;;;;;;;x;;;;
SHIP_BUILD_MIN_BASE_LEVEL;レベルY$LVL$W以上の军港が必要です。;Requires naval port with level Y$LVL$W or greater.;;;;;;;;;x;;;;
SHIP_BUILD_LIMIT_PER_BASE;Limited to Y$LIM$? units per each port that supports this ship.;;;;;;;;;;x;;;;
SHIP_BUILD_LIMIT_PER_BASE_HINT;R少なくともレベルG$LVL$R以上の海军基地を建设することを检讨してください。W;RConsider building more naval bases of level at least G$LVL$R.W;;;;;;;;;x;;;;
SHIP_BUILD_LIMIT_MAX;Y(限界：$LIM$)W;Y(Limit: $LIM$)?;;;;;;;;;x;;;;
BUILDING_ONE_PER_STATE;1ステ艹トに1ヵ所のみ;Only one per state;;;;;;;;;x;;;;
DIPLOMACY_CRISIS_INFO;危机;Crisis;;;;;;;;;x;;;;
CRISIS_CANT_DECLARE_WAR;危机に卷き钇まれている场合、宣战布告されることも、宣战布告することもできません。;You can not declare war or be declared war upon if you are involved in a crisis.;;;;;;;;;x;;;;
HAS_FLASHPOINT;纷争の火种を有する;Has flashpoint;;;;;;;;;x;;;;
HAS_NO_FLASHPOINT;纷争の火种がない;Has no flashpoint;;;;;;;;;x;;;;
TENSION_LESS_THAN;纷争の火种の紧迫度が低い;Lower flashpoint tension than ;;;;;;;;;x;;;;
TENSION_MORE_THAN;纷争の火种の紧迫度が高い;Higher flashpoint tension than ;;;;;;;;;x;;;;
CRISIS_TEMPERATURE_LESS_THAN;より低い危机の加热度;Lower crisis temperature than ;;;;;;;;;x;;;;
CRISIS_TEMPERATURE_MORE_THAN;より高い危机の加热度;Higher crisis temperature than ;;;;;;;;;x;;;;
FLASHPOINT_TENSION_EFFECT;$DIRECTION$ $VALUE$纷争の火种の紧迫度。\n;$DIRECTION$ $VALUE$ flashpoint tension.\n;;;;;;;;;x;;;;
diplomatic_focus;外交;Diplomacy;;;;;;;;;x;;;;
increase_tension;紧迫度を增す;Increase tension ;;;;;;;;;x;;;;
increase_tension_focus_desc;每月、约Y$VAL$%W纷争の火种の紧迫度が上缯します。;Increase flashpoint tension by about Y$VAL$W% each month.;;;;;;;;;x;;;;
NOT_A_FLASHPOINT;R纷争の火种の紧迫度がないW;RNot a flashpointW;;;;;;;;;x;;;;
MAPMODE_21;危机マップ;Crises;;;;;;;;;;;;x;;;;
MAPMODE_22;海军基地マップ;;Marine;;;;;;;;x;;;;
FLASHPOINT_TENSION;纷争の火种の紧迫度: Y$VALUE$W%;Flashpoint tension: Y$VALUE$W%;;;;;;;;;x;;;;
EXECUTING_HISTORY;s史ヲ g行中;Executing History;;;;;;;;;;;;x;;;;
CRISIS_TEMPERATURE;危机の加热度：R$VALUE$%W;Crisis temperature: R$VALUE$%W;;;;;;;;;x;;;;
HAS_CRISIS;现在の危机がある;There is a current crisis;;;;;;;;;x;;;;
HAS_NO_CRISIS;现在の危机がない;There is no current crisis;;;;;;;;;x;;;;
CRISIS_TEMPERATURE_EFFECT;危机の加热度$VALUE$$DIRECTION$。\n;$DIRECTION$ $VALUE$ crisis temperature.\n;;;;;;;;;x;;;;
TRIGGER_STATE;危机のステ艹ト;Crisis state;;;;;;;;;x;;;;
BACKERS_LABEL;支持者：;Backers:;;;;;;;;;x;;;;
SUPPORT_SIDE;支援侧;Support Side;;;;;;;;;;;;x;;;;
ON_THE_FENCE_LABEL;样子见：;Still on the fence:;;;;;;;;;;;;x;;;;
vacuum_tube;真空管;Vacuum Tube;;;;;;;;;;;x;;;;
vacuum_tube_desc;真空管(热电子弁としても知られている)は、a device that utilizes the flow of current through a vacuum. In a vacuum tube electrons travel via thermionic emission (the Edison Effect) from a hot filament (negative cathode) through the vacuum to a positive electrode (the anode). Additional electrodes were later interposed between the anode and cathode, enabling amplification and switching of signals. Vacuum tubes were essential to the production and commercialization of radio, telephones, TV, radar, and early computers;The vacuum tube (also known as the thermionic valve) is a device that utilizes the flow of current through a vacuum. In a vacuum tube electrons travel via thermionic emission (the Edison Effect) from a hot filament (negative cathode) through the vacuum to a positive electrode (the anode). Additional electrodes were later interposed between the anode and cathode, enabling amplification and switching of signals. Vacuum tubes were essential to the production and commercialization of radio, telephones, TV, radar, and early computers;;;;;;;;;;;x;;;;
tulls_seed_drill;タルの种播き机;Tull's Seed Drill;;;;;;;;;;;x;;;;
tulls_seed_drill_desc;この时代まで、农家はplanted the seeds for cereal crops by carrying the seeds in a bag and walking up and down the field throwing or broadcasting the seed. They broadcast the seed by hand on to the ploughed and harrowed ground. The problem with this method was that it did not give a very even distribution. It was not, therefore, an efficient use of the seed and much of it was wasted. ジェスロ鼍タルはinvented a Seed Drill which could be pulled behind a horse. It consisted of a wheeled vehicle containing a box filled with grain. There was a wheel-driven ratchet that sprayed the seed out evenly as the Seed Drill was pulled across the field.;Up until this era, farmers planted the seeds for cereal crops by carrying the seeds in a bag and walking up and down the field throwing or broadcasting the seed. They broadcast the seed by hand on to the ploughed and harrowed ground. The problem with this method was that it did not give a very even distribution. It was not, therefore, an efficient use of the seed and much of it was wasted. Jethro Tull invented a Seed Drill which could be pulled behind a horse. It consisted of a wheeled vehicle containing a box filled with grain. There was a wheel-driven ratchet that sprayed the seed out evenly as the Seed Drill was pulled across the field.;;;;;;;;;;;x;;
rotherham_plough;ロザラム鼍プラウ;Rotherham Plough;;;;;;;;;;;x;;;;
rotherham_plough_desc;Disney Stanyforthとジョセフ鼍フ艹ルジャムによって考案されたロザラムまたはヨ艹クシャ艹鼍プラウは、传统的な耕运机の改良でした。それは标准的な锄のような木材で作られていましたが、フィッティングとコ艹ルタ(切断刃）は铁で作られ、モ艹ルドボ艹ドとプラウシェアは铁板で鳘われていました。それは传统的な耕作よりも轻く、一对の马で简单に作业することができました。;It was constructed of wood like the standard plough but the fittings and coulter (cutting blade) were made of iron and the mouldboard and ploughshare were covered in iron plates. It was lighter than the traditional plough and could be easily worked with a pair of horses.;;;;;;;;;;;x;;;;
telephone_switchboard;电话交换台;Telephone Switchboard;;;;;;;;;;;x;;;;
telephone_switchboard_desc;电话交换台は a system of electrical components used to connect telephone calls. The first telephone switchboard was invented by Hungarian Tivadar Pusks in 1877 while working for Thomas Edison. Primitive Telephone exchanges were in place for commercial applications by 1881 in the eastern US and western Europe. Telephone exchanges consisted of hundreds of 'plug boards' where a staff of operators manually 'plugged in' calls to route them. Almon Brown Strowger patented the first stepping switch in 1891, which led to automated telephone switching.;The telephone switchboard is a system of electrical components used to connect telephone calls. The first telephone switchboard was invented by Hungarian Tivadar Pusks in 1877 while working for Thomas Edison. Primitive Telephone exchanges were in place for commercial applications by 1881 in the eastern US and western Europe. Telephone exchanges consisted of hundreds of 'plug boards' where a staff of operators manually 'plugged in' calls to route them. Almon Brown Strowger patented the first stepping switch in 1891, which led to automated telephone switching.;;;;;;;;;;;x;;
BRZ_2446;ミナスジェライス;Minas Gerais;;;;;;;;;;;;x;;;;
CLM_2259;カウカ;;;;;;;;;;;;x;;;;
ANN_1371;トンキン;Tonkin;;;;;;;;;;;;x;;;;
ANN_1374;アンナン;Annam;;;;;;;;;;;;x;;;;
ANN_1383;コ艹チシナ;Cochin China;;;;;;;;;;;;x;;;;
LUA_1356;ラオス;Laos;;;;;;;;;;;;x;;;;
SIA_1392;バンコク;Bangkok;;;;;;;;;;;;x;;;;
SIA_1355;チェンマイ;Chiang Mai;;;;;;;;;;;;x;;;;
SIA_1358;ナコンラチャシマ;Nakhon Ratchasima;;;;;;;;;;;;x;;;;
ENG_1384;マラヤ;Malaya;;;;;;;;;;;;x;;;;
ENG_1343;テナセリム;Tenasserim;;;;;;;;;;;;x;;;;
BUR_1339;カチン;Kachin;;;;;;;;;;;;x;;;;
BUR_1334;シャン;Shan States;;;;;;;;;;;;x;;;;
BUR_1330;ペグ艹;Pegu;;;;;;;;;;;;x;;;;
NEP_1327;ヒマラヤ;Himalayas;;;;;;;;;;;;x;;;;
TIB_1591;チベット;Tibet;;;;;;;;;;;;x;;;;
ENG_1247;ビハ艹ル;Bihar;;;;;;;;;;;;x;;;;
ENG_1261;オリッサ;Orissa;;;;;;;;;;;;x;;;;
ENG_1236;ウッタル プラデシュ;United Provinces;;;;;;;;;;;;x;;;;
PAN_1227;パンジャブ;Punjab;;;;;;;;;;;;x;;;;
PAN_1224;カシミ艹ル;Kashmir;;;;;;;;;;;;x;;;;
KAL_1221;バル艹チスタン;Baluchistan;;;;;;;;;;;;x;;;;
SIN_1288;シンド;Sind;;;;;;;;;;;;x;;;;
ENG_1291;グジャラ艹ト;Gujarat;;;;;;;;;;;;x;;;;
ENG_1264;ラ艹ジプタ艹ナ;Rajputana;;;;;;;;;;;;x;;;;
ENG_1275;マディヤ プラデシュ;Central India;;;;;;;;;;;;x;;;;
NAG_1277;ナ艹グプル;Nagpur;;;;;;;;;;;;x;;;;
ENG_1305;シルカル;Circars;;;;;;;;;;;;x;;;;
HYD_1283;ハイデラバ艹ド;Hyderabad;;;;;;;;;;;;x;;;;
ENG_1297;ボンベイ;Bombay;;;;;;;;;;;;x;;;;
ENG_1304;マドラス;Madras;;;;;;;;;;;;x;;;;
MYS_1314;マイソ艹ル;Mysore;;;;;;;;;;;;x;;;;
ENG_1317;トラヴァンコ艹ル;Travancore;;;;;;;;;;;;x;;;;
ATJ_1405;アチェ;Aceh;;;;;;;;;;;;x;;;;
NET_1398;スマトラ;Sumatra;;;;;;;;;;;;x;;;;
NET_1423;ボルネオ;Borneo;;;;;;;;;;;;x;;;;
NET_1449;モルッカ诸岛;Moluccas;;;;;;;;;;;;x;;;;
NET_1451;西ニュ艹ギニア;Western New Guinea;;;;;;;;;;;;x;;;;
BAL_1438;スンダ诸岛;Sunda Islands;;;;;;;;;;;;x;;;;
BRU_1394;北ボルネオ;North Borneo;;;;;;;;;;;;x;;;;
PER_1141;ラリスタ艹ン鼍スィ艹スタ艹ン;Laristan-Sistan;;;;;;;;;;;;x;;;;
PER_1148;ホラサ艹ン;Khorasan;;;;;;;;;;;;x;;;;
PER_1138;フゼスタ艹ン;Khuzestan;;;;;;;;;;;;x;;;;
PER_1135;ファ艹ルス鼍ケルマ艹ン;Fars-Kerman;;;;;;;;;;;;x;;;;
PER_1127;イスファハ艹ン;Isfahan;;;;;;;;;;;;x;;;;
PER_1116;ギ艹ラ艹ン鼍マザンダラ艹ン;Gilan-Mazandaran;;;;;;;;;;;;x;;;;
PER_1121;エラ艹ゲ アジャミ艹;Irakajemi;;;;;;;;;;;;x;;;;
PER_1112;タブリ艹ズ;Tabriz;;;;;;;;;;;;x;;;;
PER_1122;ロレスタ艹ン;Luristan;;;;;;;;;;;;x;;;;
AFG_1214;西アフガニスタン;Western Afghanistan;;;;;;;;;;;;x;;;;
AFG_1217;东アフガニスタン;Eastern Afghanistan;;;;;;;;;;;;x;;;;
RUS_1196;トルクメン;Turkmenia;;;;;;;;;;;;x;;;;
KHI_1191;ウズベク;Uzbekia;;;;;;;;;;;;x;;;;
BUK_1207;タジキスタン;Tajikistan;;;;;;;;;;;;x;;;;
KOK_1190;キルギス;Kirghizia;;;;;;;;;;;;x;;;;
RUS_1182;ウラリスク;Uralsk;;;;;;;;;;;;x;;;;
RUS_1184;アクモリンスク;Akmolinsk;;;;;;;;;;;;x;;;;
RUS_1185;セミレチエ;Semireche;;;;;;;;;;;;x;;;;
CHI_1532;内モンゴル;Inner Mongolia;;;;;;;;;;;;x;;;;
CHI_1578;四川;Sichuan;;;;;;;;;;;;x;;;;
CHI_1581;重庆;Chongqing;;;;;;;;;;;;x;;;;
CHI_1494;潮州;Shaozhou;;;;;;;;;;;;x;;;;
CHI_1550;江西;Jiangxi;;;;;;;;;;;;x;;;;
CHI_1487;福建;Fujian;;;;;;;;;;;;x;;;;
CHI_1611;浙江;Zhejiang;;;;;;;;;;;;x;;;;
CHI_1473;南安徽;Southern Anhui;;;;;;;;;;;;x;;;;
CHI_1516;东湖北;Eastern Hubei;;;;;;;;;;;;x;;;;
CHI_1523;西湖北;Western Hubei;;;;;;;;;;;;x;;;;
CHI_1513;河南;Henan;;;;;;;;;;;;x;;;;
CHI_1472;北安徽;Northern Anhui;;;;;;;;;;;;x;;;;
CHI_1476;江苏;Jiangsu;;;;;;;;;;;;x;;;;
CHI_1539;苏州;Suzhou;;;;;;;;;;;;x;;;;
CHI_1563;山东;Shandong;;;;;;;;;;;;x;;;;
CHI_1614;南直隶;Southern Zhili;;;;;;;;;;;;x;;;;
CHI_1618;北直隶;Northern Zhili;;;;;;;;;;;;x;;;;
CHI_1553;满洲;Manchuria;;;;;;;;;;;;x;;;;
CHI_1082;外满洲;Outer Manchuria;;;;;;;;;;;;x;;;;
CHI_1086;桦太;Sakhalin;;;;;;;;;;;;x;;;;
KOR_1624;京畿-忠清;Seoul;;;;;;;;;;;;x;;;;
KOR_1635;庆尚-全罗;Busan;;;;;;;;;;;;x;;;;
KOR_1627;黄海道;Sariwon;;;;;;;;;;;;x;;;;
KOR_1619;平安-咸镜;Pyongyang;;;;;;;;;;;;x;;;;
JAP_1660;九州;Kyushu;;;;;;;;;;;;x;;;;
JAP_1640;中国四国;Chugoku-Shikoku;;;;;;;;;;;;x;;;;
JAP_1655;近畿;Kansai;;;;;;;;;;;;x;;;;
JAP_1675;中部;Chubu;;;;;;;;;;;;x;;;;
JAP_1649;关东;Kanto;;;;;;;;;;;;x;;;;
JAP_1654;小笠原诸岛;Bonin Islands;;;;;;;;;;;;x;;;;
JAP_1672;东北;Tohoku;;;;;;;;;;;;x;;;;
JAP_1088;北海道;Hokkaido;;;;;;;;;;;;x;;;;
RUS_2685;ウラル;Ural;;;;;;;;;;;;x;;;;
RUS_1065;オビ;Ob;;;;;;;;;;;;;x;;;;
RUS_1064;トボリスク;Tobolsk;;;;;;;;;;;;x;;;;
RUS_1469;トムスク;Tomsk;;;;;;;;;;;;x;;;;
RUS_2615;下イェニセイスク;Lower Yeniseysk;;;;;;;;;;;;x;;;;
RUS_1070;上イェニセイスク;Upper Yeniseysk;;;;;;;;;;;;x;;;;
RUS_1075;イルク艹ツク;Irkutsk;;;;;;;;;;;;x;;;;
RUS_1079;トランスバイカル;Trans-Baikal;;;;;;;;;;;;x;;;;
RUS_2694;中央シベリア;Middle Siberia;;;;;;;;;;;;x;;;;
RUS_1069;西ヤク艹ツク;West Yakutsk;;;;;;;;;;;;x;;;;
RUS_2653;北シベリア;North Siberia;;;;;;;;;;;;x;;;;
RUS_1071;ヤク艹ツク;Yakutsk;;;;;;;;;;;;x;;;;
RUS_1072;オホ艹ツク;Okhotsk;;;;;;;;;;;;x;;;;
RUS_2668;北ヤク艹ツク;North Yakutsk;;;;;;;;;;;;x;;;;
RUS_2618;上オホ艹ツク;Upper Okhotsk;;;;;;;;;;;;x;;;;
RUS_2621;内チュクチ;Inner Chukotka;;;;;;;;;;;;x;;;;
RUS_1074;カムチャッカ;Kamchatka;;;;;;;;;;;;x;;;;
RUS_2590;チュクチ沿岸;Coastal Chukotka;;;;;;;;;;;;x;;;;
TUR_885;カルス;Kars;;;;;;;;;;;;x;;;;
TUR_884;トラブゾン;Trabzon;;;;;;;;;;;;x;;;;
TUR_889;ディヤルバクル鼍ワン;Diyarbakir-Van;;;;;;;;;;;;x;;;;
TUR_876;アンカラ鼍アダナ;Ankara and Adana;;;;;;;;;;;;x;;;;
TUR_873;コンヤ;Konya;;;;;;;;;;;;x;;;;
TUR_881;カスタモヌ;Kastamonu;;;;;;;;;;;;x;;;;
TUR_869;アイドゥン;Aydin;;;;;;;;;;;;x;;;;
TUR_863;ヒュダヴェンディギャ艹ル;Hudavendigar;;;;;;;;;;;;x;;;;
TUR_923;モスル;Mosul;;;;;;;;;;;;x;;;;
TUR_931;バグダッド;Baghdad;;;;;;;;;;;;x;;;;
TUR_935;バスラ;Basra;;;;;;;;;;;;x;;;;
EGY_897;アレッポ;Aleppo;;;;;;;;;;;;x;;;;
EGY_910;トランスヨルダン;Transjordan;;;;;;;;;;;;x;;;;
EGY_903;シリア;Syria;;;;;;;;;;;;x;;;;
NEJ_1156;ハ艹イル;Hail;;;;;;;;;;;;x;;;;
NEJ_1157;ネジド;Nejd;;;;;;;;;;;;x;;;;
EGY_1746;シナイ;Sinai;;;;;;;;;;;;x;;;;
EGY_1750;下エジプト;Lower Egypt;;;;;;;;;;;;x;;;;
EGY_1762;中央エジプト;Middle Egypt;;;;;;;;;;;;x;;;;
EGY_1771;上エジプト;Upper Egypt;;;;;;;;;;;;x;;;;
EGY_1753;マトル艹フ;Matruh;Matruh;;Matruh;;;;;;;;;x;
EGY_1758;エジプト砂漠;Egyptian Desert;;;;;;;;;;;;x;;;;
EGY_1834;ドンゴラ;Dongola;;;;;;;;;;;;x;;;;
EGY_1827;ス艹ダン;Soudan;;;;;;;;;;;;x;;;;
ENG_1843;エクアトリア;Equatoria;;;;;;;;;;;;x;;;;
ENG_1848;エリトリア;Eritrea;;;;;;;;;;;;x;;;;
ETH_1854;ゴンダ艹ル鼍ティグレ;Gonder-Tigray;;;;;;;;;;;;x;;;;
ETH_1864;アムハラ;Amhara;;;;;;;;;;;;x;;;;
ETH_1867;オロミア;Oromia;;;;;;;;;;;;x;;;;
ALD_1708;コンスタンティ艹ヌ;Constantine;;;;;;;;;;;;x;;;;
FRA_1700;アルジェ;Algiers;;;;;;;;;;;;x;;;;
ALD_1704;トレムセン;Tlemcen;;;;;;;;;;;;x;;;;
MOR_1688;アル リ艹フ;al Rif;;;;;;;;;;;;x;;;;
MOR_1686;フェス;Fez;;;;;;;;;;;;x;;;;
MOR_1693;モロッコ;Morocco;;;;;;;;;;;;x;;;;
FRA_1803;トンブクトゥ;Timbuktu;;;;;;;;;;;;x;;;;
FRA_1798;东マリ;Eastern Mali;;;;;;;;;;;;x;;;;
FRA_1801;西マリ;Western Mali;;;;;;;;;;;;x;;;;
FRA_1901;ヴォルタ;Volta;;;;;;;;;;;;x;;;;
FRA_1808;外ハウサランド;Outer Hausaland;;;;;;;;;;;;x;;;;
FRA_1923;ヨルバ;Yoruba States;;;;;;;;;;;;x;;;;
FRA_1927;ハウサランド;Hausaland;;;;;;;;;;;;x;;;;
FRA_1939;东ハウサランド;East Hausaland;;;;;;;;;;;;x;;;;
FRA_1930;ベナン;Benin;;;;;;;;;;;;x;;;;
FRA_1931;ニジェ艹ル デルタ;Niger Delta;;;;;;;;;;;;x;;;;
FRA_1937;ナイジェリア;Nigeria;;;;;;;;;;;;x;;;;
FRA_1816;ボルヌ;Bornu;;;;;;;;;;;;x;;;;
ENG_1825;チャド;Chad;;;;;;;;;;;;x;;;;
ENG_1818;ワダイ;Waddai;;;;;;;;;;;;x;;;;
FRA_1965;ウバンギ鼍シャリ;Ubangi-Shari;;;;;;;;;;;;x;;;;
ENG_2029;ザンジバル;Zanzibar;;;;;;;;;;;;x;;;;
ENG_2034;タンガニ艹カ;Tanganyika;;;;;;;;;;;;x;;;;
ENG_2039;リンディ;Lindi;;;;;;;;;;;;x;;;;
ENG_2016;カゼンベ;Kazembe;;;;;;;;;;;;x;;;;
POR_2053;ザンベジア;Zambezia;;;;;;;;;;;;x;;;;
POR_2049;ロウレンソ マルケス;Loureno Marques;;;;;;;;;;;;x;;;;
ZUL_2113;ナタ艹ル鼍ズ艹ル艹ランド;Natal-Zululand;;;;;;;;;;;;x;;;;
ENG_2078;ヘレロランド;Hereroland;;;;;;;;;;;;x;;;;
ENG_2132;南大西洋诸岛;South Atlantic Islands;;;;;;;;;;;;x;;;;
ENG_2125;インド洋诸岛;Indian Ocean Territory;;;;;;;;;;;;x;;;;
MAD_2117;南マダガスカル;South Madagascar;;;;;;;;;;;;x;;;;
MAD_2121;北マダガスカル;North Madagascar;;;;;;;;;;;;x;;;;
sioux_nation_title;ス艹の国;Sioux Nation;;;;;;;;;;;;x;;;;
sioux_nation_name;ス艹の国;Sioux Nation;;;;;;;;;;;;x;;;;
sioux_nation_desc;ス艹の国は、アメリカの入植者や兵士の侵略から、父祖の地を守るために立ち上がります。彼らはワシントンからの破sに怒っており、西部の植民地化を阻止するために激しく椁Δ扦筏绀Α;The Sioux Nation rises to defend their ancestral lands from the encroachment of American settlers and soldiers. They are angered by broken promises from Washington, and will fight fiercely to halt the colonization of the West.;;;;;;;;;;;;x;;;;
sioux_nation_army;ス艹族战斗集团;Sioux War Party;;;;;;;;;;;;x;;;;
apache_title;アパッチ;Apache;;;;;;;;;;;;x;;;;
apache_name;アパッチ;Apache;;;;;;;;;;;;x;;;;
apache_desc;アパッチは、アメリカの入植者や兵士の侵略から、父祖の地を守るために立ち上がります。彼らはワシントンからの破sに怒っており、西部の植民地化を阻止するために激しく椁Δ扦筏绀Α;The Sioux Nation rises to defend their ancestral lands from the encroachment of American settlers and soldiers. They are angered by broken promises from Washington, and will fight fiercely to halt the colonization of the West.;;;;;;;;;;;;x;;;;
apache_army;アパッチ族战斗集团;Apache War Party;;;;;;;;;;;;x;;;;
EVTNAME160001;太平天国の乱;The Taiping Rebellion;;;;;;;;;;;;x;;;;
EVTDESC160001;A great rebellion has sundered all under Heaven!;;;;;;;;;;;;;x;
EVTOPTA160001;ヤツらを粉砗せよ！;Crush them!;;;;;;;;;;;;x;;;;
EVTOPTB160001;Out with the Manchu!;;;;;;;;;;;;;x;
EVTNAME160502;反清感情;Anti-Manchu feeling;;;;;;;;;;;;x;;;;
EVTDESC160502;皇帝陛下、我が国の当局者は、天朝に向かって不满や敌意さえ高まっていることを发见しました。この感情は、我が国の都市や港にいる外国の恶魔ら屈辱的な存在によって激化しています。どう对应しますか？;Emperor, our officials have detected growing levels of discontent and even hostility towards our Dynasty. This feeling is enflamed by the humiliating presence of the foreign devils in our cities and harbors. How shall we respond?;;;;;;;;;;;;x;;;;
EVTOPTA160502;武力の实证がこの问题を解决するはずだ。;A show of force should deal with this.;;;;;;;;;;;;x;
EVTOPTB160502;こんな马鹿げたことで时间を无驮にさせるな！;Do not waste my time with this nonsense!;;;;;;;;;;;;x;
EVTNAME90902;清の崩坏;The Breakup of China;;;;;;;;;;;;x;;;;
EVTDESC90902;清は崩坏しています。;China has fractured.;;;;;;;;;;;;x;;;;
EVTOPTA90902;Freedom!;;Freiheit!;;;;;;;;;;;x;
EVTNAME90040;インド大反乱(シパ艹ヒ艹の乱);The Sepoy Rebellion;;;;;;;;;;;;x;;;;
EVTDESC90040;インドは反乱に蜂起した！;India has risen in rebellion!;;;;;;;;;;;;x;
EVTOPTA90040;This could mean trouble.;;;;;;;;;;;;;x;
CRISIS_DESCRIPTION_LIBERATION;$COUNTRY$解放に关する危机;Crisis over the liberation of $COUNTRY$.;;;;;;;;;;;;x;
CRISIS_DESCRIPTION_RECLAIM;$COUNTRY$の正当な领土返还に关する危机;Crisis over the return of $COUNTRY$'s rightful territories.;;;;;;;;;;;;x;;;;
CRISIS_ALREADY_TAKEN_SIDE;Already chosen a side;;;;;;;;;;;;;x;
CRISIS_WAITING_ON_BACKER;列强の支持を待っています;Waiting on Great Power Backer;;;;;;;;;;;;x;;;;
MUST_BE_CRISIS_SIDE_LEADER;危机の侧の主导国でなければなりません;Must be leader of a side in the crisis;;;;;;;;;;;;x;
CRISIS_ALREADY_TAKEN_SIDE;どちらかを选择济み;Already taken side;;;;;;;;;;;;x;
CRISIS_OFFERTITLE;提案をする;Make Offer;;;;;;;;;;;;x;;;;
CRISIS_OFFER_OFFER;$ACTOR$は现在の危机において彼らの侧で参加するためにY$WARGOAL$Wを提案します。;$ACTOR$ offer Y$WARGOAL$W to join their side in the current crisis.;;;;;;;;;;;;x;;;;
CRISIS_OFFER_WE_ACCEPT_SETUP;我苘が危机の侧に参加することを承诺したとき;When we accept joining a side of a crisis;;;;;;;;;;;;x;;;;
CRISIS_OFFER_WE_ACCEPT_HEADER;外务大臣报告;The Foreign Minister reports;;;;;;;;;;;;x;;;;
CRISIS_OFFER_WE_ACCEPT_1;$MONARCHTITLE$、;$MONARCHTITLE$;;;;;;;;;;;;x;;;;
CRISIS_OFFER_WE_ACCEPT_2;我が国は现在の危机において;We have joined $ACTOR$ in the current crisis with the following offer:;;;;;;;;x;;;;
CRISIS_OFFER_WE_ACCEPT_3;$ACTOR$に;$WARGOAL$;;;;;;;;;;;;x;;;;
CRISIS_OFFER_WE_ACCEPT_4;以下の提案で参加しました。:;*;;;;;;;;;;;;x;;;;
CRISIS_OFFER_WE_ACCEPT_5;$WARGOAL$;*;;;;;;;;;;;;x;;;;
CRISIS_OFFER_WE_ACCEPT_6;*;*;;;;;;;;;;;;x;;;;
CRISIS_OFFER_WE_ACCEPT_BTN1;OK;OK;;;;;;;;;;;;x;;;;
CRISIS_OFFER_WE_ACCEPT_BTN2;OK;OK;;;;;;;;;;;;x;;;;
CRISIS_OFFER_WE_ACCEPT_BTN3;确认;Goto;;;;;;;;;;x;;;;
CRISIS_OFFER_WE_ACCEPT_LOG;我が国は现在の危机に参加しました;We joined the current crisis;;;;;;;;;;;;x;;;;
CRISIS_OFFER_THEY_ACCEPT_SETUP;ある国が危机において我苘侧に参加することを承诺したとき;When someone accepts joining our side in a crisis;;;;;;;;;;;;x;;;;
CRISIS_OFFER_THEY_ACCEPT_HEADER;外务大臣报告;The Foreign Minister reports;;;;;;;;;;;;x;;;;
CRISIS_OFFER_THEY_ACCEPT_1;$MONARCHTITLE$、;$MONARCHTITLE$;;;;;;;;;;;;x;;;;
CRISIS_OFFER_THEY_ACCEPT_2;我が国は现在の危机において;We have joined $RECIPIENT$ in the current crisis with the following offer:;;;;;;;;x;;;;
CRISIS_OFFER_THEY_ACCEPT_3;$RECIPIENT$に;$WARGOAL$;;;;;;;;;;;;x;;;;
CRISIS_OFFER_THEY_ACCEPT_4;以下の提案で参加しました。:;*;;;;;;;;;;;;x;;;;
CRISIS_OFFER_THEY_ACCEPT_5;$WARGOAL$;*;;;;;;;;;;;;x;;;;
CRISIS_OFFER_THEY_ACCEPT_6;*;*;;;;;;;;;;;;x;;;;
CRISIS_OFFER_THEY_ACCEPT_BTN1;OK;OK;;;;;;;;;;;;x;;;;
CRISIS_OFFER_THEY_ACCEPT_BTN2;OK;OK;;;;;;;;;;;;x;;;;
CRISIS_OFFER_THEY_ACCEPT_BTN3;确认;Goto;;;;;;;;;;x;;;;
CRISIS_OFFER_THEY_ACCEPT_LOG;$RECIPIENT$は现在の危机において我が国に加わりました。;$RECIPIENT$ joined us in the current crisis.;;;;;;;;;;;;x;;;;
CRISIS_OFFER_OTHER_ACCEPT_SETUP;ある国が危机の侧で参加したとき;When someone joins the side of a crisis;;;;;;;;;;;;x;;;;
CRISIS_OFFER_OTHER_ACCEPT_HEADER;外务大臣报告;The Foreign Minister reports;;;;;;;;;;;;x;;;;
CRISIS_OFFER_OTHER_ACCEPT_1;$MONARCHTITLE$、;$MONARCHTITLE$;;;;;;;;;;;;x;;;;
CRISIS_OFFER_OTHER_ACCEPT_2;心配事が起きています;Trouble is brewing;;;;;;;;;;;;x;
CRISIS_OFFER_OTHER_ACCEPT_3;$RECIPIENT$は;It seems that $RECIPIENT$;;;;;;;;;;;;x;;;;
CRISIS_OFFER_OTHER_ACCEPT_4;现在の危机において;has decided to join the current crisis;;;;;;;;;;;;x;;;;
CRISIS_OFFER_OTHER_ACCEPT_5;$ACTOR$侧に;on the side of $ACTOR$;;;;;;;;;;;;x;;;;
CRISIS_OFFER_OTHER_ACCEPT_6;参加するようです;*;;;;;;;;;;;;x;;;;
CRISIS_OFFER_OTHER_ACCEPT_BTN1;OK;OK;;;;;;;;;;;;x;;;;
CRISIS_OFFER_OTHER_ACCEPT_BTN2;OK;OK;;;;;;;;;;;;x;;;;
CRISIS_OFFER_OTHER_ACCEPT_BTN3;确认;Goto;;;;;;;;;;x;;;;
CRISIS_OFFER_OTHER_ACCEPT_LOG;$RECIPIENT$は现在の危机に参加しました。;$RECIPIENT$ joined in the current crisis.;;;;;;;;;;;;x;;;;
CRISIS_OFFER_WE_DECLINE_SETUP;我苘が危机侧に参加するのを断るとき;When we decline to join a side in a crisis;;;;;;;;;;;;x;;;;
CRISIS_OFFER_WE_DECLINE_HEADER;外务大臣报告;The Foreign Minister reports;;;;;;;;;;;;x;;;;
CRISIS_OFFER_WE_DECLINE_1;$MONARCHTITLE$、;$MONARCHTITLE$;;;;;;;;;;;;x;;;;
CRISIS_OFFER_WE_DECLINE_2;我が国は现在の危机において;We have declined to join $ACTOR$ in the current crisis;;;;;;;;x;;;;
CRISIS_OFFER_WE_DECLINE_3;$ACTOR$に*;*;;;;;;;;;;;;x;;;;
CRISIS_OFFER_WE_DECLINE_4;加わるのを断りました;*;;;;;;;;;;;;x;;;;
CRISIS_OFFER_WE_DECLINE_5;*;*;;;;;;;;;;;;x;;;;
CRISIS_OFFER_WE_DECLINE_6;*;*;;;;;;;;;;;;x;;;;
CRISIS_OFFER_WE_DECLINE_BTN1;OK;OK;;;;;;;;;;;;x;;;;
CRISIS_OFFER_WE_DECLINE_BTN2;OK;OK;;;;;;;;;;;;x;;;;
CRISIS_OFFER_WE_DECLINE_BTN3;确认;Goto;;;;;;;;;;x;;;;
CRISIS_OFFER_WE_DECLINE_LOG;我が国は现在の危机に参加するのを断りました;We declined to join the current crisis;;;;;;;;;;;;x;;;;
CRISIS_OFFER_THEY_DECLINE_SETUP;ある国が危机において我苘侧に参加するのを断るとき;When someone declines to join our side in a crisis;;;;;;;;;;;;x;;;;
CRISIS_OFFER_THEY_DECLINE_HEADER;外务大臣报告;The Foreign Minister reports;;;;;;;;;;;;x;;;;
CRISIS_OFFER_THEY_DECLINE_1;$MONARCHTITLE$、;$MONARCHTITLE$;;;;;;;;;;;;x;;;;
CRISIS_OFFER_THEY_DECLINE_2;$RECIPIENT$は、;$RECIPIENT$ declined to join talks over the current crisis.;;;;;;;;;;;;x;;;;
CRISIS_OFFER_THEY_DECLINE_3;现在の危机についての协议に;*;;;;;;;;;;;;x;;;;
CRISIS_OFFER_THEY_DECLINE_4;参加することを拒否しました。;*;;;;;;;;;;;;x;;;;
CRISIS_OFFER_THEY_DECLINE_5;*;*;;;;;;;;;;;;x;;;;
CRISIS_OFFER_THEY_DECLINE_6;*;*;;;;;;;;;;;;x;;;;
CRISIS_OFFER_THEY_DECLINE_BTN1;OK;OK;;;;;;;;;;;;x;;;;
CRISIS_OFFER_THEY_DECLINE_BTN2;OK;OK;;;;;;;;;;;;x;;;;
CRISIS_OFFER_THEY_DECLINE_BTN3;确认;Goto;;;;;;;;;;x;;;;
CRISIS_OFFER_THEY_DECLINE_LOG;$RECIPIENT$は现在の危机に参加するのを断りました。;$RECIPIENT$ declined to join the current crisis.;;;;;;;;;;;;x;;;;
CRISIS_OFFER_OTHER_DECLINE_SETUP;When someone declines the side of a crisis;;Wenn es jemand ablehnt, die in einem Konflikt befindliche Seite zu w锋len;;;;;;;;;;;x;
CRISIS_OFFER_OTHER_DECLINE_HEADER;外务大臣报告;The Foreign Minister reports;;;;;;;;;;;;x;;;;
CRISIS_OFFER_OTHER_DECLINE_1;$MONARCHTITLE$、;$MONARCHTITLE$;;;;;;;;;;;;x;;;;
CRISIS_OFFER_OTHER_DECLINE_2;事态はまだエスカレ艹トしていないようです。;Things don't seem to be escalating yet.;;;;;;;;;;;;x;;;;
CRISIS_OFFER_OTHER_DECLINE_3;$RECIPIENT$は;It seems that $RECIPIENT$;;;;;;;;;;;;x;;;;
CRISIS_OFFER_OTHER_DECLINE_4;现在の危机において;has declined to join the current crisis;;;;;;;;;;;;x;;;;
CRISIS_OFFER_OTHER_DECLINE_5;$ACTOR$侧で;on the side of $ACTOR$;;;;;;;;;;;;x;;;;
CRISIS_OFFER_OTHER_DECLINE_6;参加するのを断ったようです;*;;;;;;;;;;;;x;;;;
CRISIS_OFFER_OTHER_DECLINE_BTN1;OK;OK;;;;;;;;;;;;x;;;;
CRISIS_OFFER_OTHER_DECLINE_BTN2;OK;OK;;;;;;;;;;;;x;;;;
CRISIS_OFFER_OTHER_DECLINE_BTN3;确认;Goto;;;;;;;;;;x;;;;
CRISIS_OFFER_OTHER_DECLINE_LOG;$RECIPIENT$は现在の危机に参加するのを断りました。;$RECIPIENT$ declined to join the current crisis.;;;;;;;;;;;;x;;;;
BACK_CRISISTITLE;危机の国を支持する;Back country in crisis;;;;;;;;;;;;x;
BACK_CRISIS_OFFER;$ACTOR$は、现在の危机において我が国に支持を求めています。;$ACTOR$ ask us to back their side in the current crisis.;;;;;;;;;;;;x;;;;
BACK_CRISIS_WE_ACCEPT_SETUP;我苘が危机侧の支持を承诺したとき;When we accept backing a side of a crisis;;;;;;;;;;;;x;;;;
BACK_CRISIS_WE_ACCEPT_HEADER;外务大臣报告;The Foreign Minister reports;;;;;;;;;;;;x;;;;
BACK_CRISIS_WE_ACCEPT_1;$MONARCHTITLE$、;$MONARCHTITLE$;;;;;;;;;;;;x;;;;
BACK_CRISIS_WE_ACCEPT_2;我が国は现在の危机において;We have decided to back $ACTOR$ in the current crisis.;;;;;;;;;;;;x;;;;
BACK_CRISIS_WE_ACCEPT_3;$ACTOR$の;*;;;;;;;;;;;;x;;;;
BACK_CRISIS_WE_ACCEPT_4;支持を决めました。;*;;;;;;;;;;;;x;;;;
BACK_CRISIS_WE_ACCEPT_5;*;*;;;;;;;;;;;;x;;;;
BACK_CRISIS_WE_ACCEPT_6;*;*;;;;;;;;;;;;x;;;;
BACK_CRISIS_WE_ACCEPT_BTN1;OK;OK;;;;;;;;;;;;x;;;;
BACK_CRISIS_WE_ACCEPT_BTN2;OK;OK;;;;;;;;;;;;x;;;;
BACK_CRISIS_WE_ACCEPT_BTN3;确认;Goto;;;;;;;;;;x;;;;
BACK_CRISIS_WE_ACCEPT_LOG;我が国は现在の危机において一方を支持しました;We backed a side in the current crisis;;;;;;;;;;;;x;;;;
BACK_CRISIS_THEY_ACCEPT_SETUP;ある国が危机において我苘侧の支持を承诺したとき;When someone accepts backing our side in a crisis;;;;;;;;;;;;x;;;;
BACK_CRISIS_THEY_ACCEPT_HEADER;外务大臣报告;The Foreign Minister reports;;;;;;;;;;;;x;;;;
BACK_CRISIS_THEY_ACCEPT_1;$MONARCHTITLE$、;$MONARCHTITLE$;;;;;;;;;;;;x;;;;
BACK_CRISIS_THEY_ACCEPT_2;$RECIPIENT$は;$RECIPIENT$ has decided to back us in the current crisis.;;;;;;;;;;;;x;;;;
BACK_CRISIS_THEY_ACCEPT_3;现在の危机において;*;;;;;;;;;;;;x;;;;
BACK_CRISIS_THEY_ACCEPT_4;我が国の支持を决定しました。;*;;;;;;;;;;;;x;;;;
BACK_CRISIS_THEY_ACCEPT_5;*;*;;;;;;;;;;;;x;;;;
BACK_CRISIS_THEY_ACCEPT_6;*;*;;;;;;;;;;;;x;;;;
BACK_CRISIS_THEY_ACCEPT_BTN1;OK;OK;;;;;;;;;;;;x;;;;
BACK_CRISIS_THEY_ACCEPT_BTN2;OK;OK;;;;;;;;;;;;x;;;;
BACK_CRISIS_THEY_ACCEPT_BTN3;确认;Goto;;;;;;;;;;x;;;;
BACK_CRISIS_THEY_ACCEPT_LOG;$RECIPIENT$は现在の危机において我が国を支持しました。;$RECIPIENT$ backed us in the current crisis.;;;;;;;;;;;;x;;;;
BACK_CRISIS_OTHER_ACCEPT_SETUP;ある国が危机のもう一方を支持するとき;When someone backs the other side of a crisis;;;;;;;;;;;;x;;;;
BACK_CRISIS_OTHER_ACCEPT_HEADER;外务大臣报告;The Foreign Minister reports;;;;;;;;;;;;x;;;;
BACK_CRISIS_OTHER_ACCEPT_1;$MONARCHTITLE$、;$MONARCHTITLE$;;;;;;;;;;;;x;;;;
BACK_CRISIS_OTHER_ACCEPT_2;心配事が起きています;Trouble is brewing;;;;;;;;;;;;x;;;;
BACK_CRISIS_OTHER_ACCEPT_3;$RECIPIENT$は、;It seems that $RECIPIENT$;;;;;;;;;;;;x;;;;
BACK_CRISIS_OTHER_ACCEPT_4;现在の危机において;has decided to back $ACTOR$ in the current crisis;;;;;;;;;;;;x;;;;
BACK_CRISIS_OTHER_ACCEPT_5;$ACTOR$の;*;;;;;;;;;;;;x;;;;
BACK_CRISIS_OTHER_ACCEPT_6;支持を决めたようです;*;;;;;;;;;;;;x;;;;
BACK_CRISIS_OTHER_ACCEPT_BTN1;OK;OK;;;;;;;;;;;;x;;;;
BACK_CRISIS_OTHER_ACCEPT_BTN2;OK;OK;;;;;;;;;;;;x;;;;
BACK_CRISIS_OTHER_ACCEPT_BTN3;确认;Goto;;;;;;;;;;x;;;;
BACK_CRISIS_OTHER_ACCEPT_LOG;$RECIPIENT$は现在の危机に参加しました。;$RECIPIENT$ joined in the current crisis.;;;;;;;;;;;;x;;;;
BACK_CRISIS_WE_DECLINE_SETUP;我苘が危机侧の支持を断るとき;When we decline backing a side of a crisis;;;;;;;;;;;;x;;;;
BACK_CRISIS_WE_DECLINE_HEADER;外务大臣报告;The Foreign Minister reports;;;;;;;;;;;;x;;;;
BACK_CRISIS_WE_DECLINE_1;$MONARCHTITLE$、;$MONARCHTITLE$;;;;;;;;;;;;x;;;;
BACK_CRISIS_WE_DECLINE_2;我が国は现在の危机において;We have declined to back $ACTOR$ in the current crisis;;;;;;;;;;;;x;;;;
BACK_CRISIS_WE_DECLINE_3;$ACTOR$の;*;;;;;;;;;;;;x;;;;
BACK_CRISIS_WE_DECLINE_4;支持を断りました;*;;;;;;;;;;;;x;;;;
BACK_CRISIS_WE_DECLINE_5;*;*;;;;;;;;;;;;x;;;;
BACK_CRISIS_WE_DECLINE_6;*;*;;;;;;;;;;;;x;;;;
BACK_CRISIS_WE_DECLINE_BTN1;OK;OK;;;;;;;;;;;;x;;;;
BACK_CRISIS_WE_DECLINE_BTN2;OK;OK;;;;;;;;;;;;x;;;;
BACK_CRISIS_WE_DECLINE_BTN3;确认;Goto;;;;;;;;;;x;;;;
BACK_CRISIS_WE_DECLINE_LOG;我が国は现在の危机に参加するのを断りました;We declined to join the current crisis;;;;;;;;;;;;x;;;;
BACK_CRISIS_THEY_DECLINE_SETUP;ある国が危机において我苘侧の支持を断るとき;When someone declines backing our side in a crisis;;;;;;;;;;;;x;;;;
BACK_CRISIS_THEY_DECLINE_HEADER;外务大臣报告;The Foreign Minister reports;;;;;;;;;;;;x;;;;
BACK_CRISIS_THEY_DECLINE_1;$MONARCHTITLE$、;$MONARCHTITLE$;;;;;;;;;;;;x;;;;
BACK_CRISIS_THEY_DECLINE_2;$RECIPIENT$は;$RECIPIENT$ declined to back us in the current crisis.;;;;;;;;;;;;x;;;;
BACK_CRISIS_THEY_DECLINE_3;现在の危机において;*;;;;;;;;;;;;x;;;;
BACK_CRISIS_THEY_DECLINE_4;我が国を支持しませんでした。;*;;;;;;;;;;;;x;;;;
BACK_CRISIS_THEY_DECLINE_5;*;*;;;;;;;;;;;;x;;;;
BACK_CRISIS_THEY_DECLINE_6;*;*;;;;;;;;;;;;x;;;;
BACK_CRISIS_THEY_DECLINE_BTN1;OK;OK;;;;;;;;;;;;x;;;;
BACK_CRISIS_THEY_DECLINE_BTN2;OK;OK;;;;;;;;;;;;x;;;;
BACK_CRISIS_THEY_DECLINE_BTN3;确认;Goto;;;;;;;;;;x;;;;
BACK_CRISIS_THEY_DECLINE_LOG;$RECIPIENT$は现在の危机において$ACTOR$の支持を断りました。;$RECIPIENT$ declined to back $ACTOR$ in the current crisis.;;;;;;;;;;;;x;;;;
BACK_CRISIS_OTHER_DECLINE_SETUP;ある国が危机侧の支持を断ったとき;When someone declines the side of a crisis;;;;;;;;;;;;x;;;;
BACK_CRISIS_OTHER_DECLINE_HEADER;外务大臣报告;The Foreign Minister reports;;;;;;;;;;;;x;;;;
BACK_CRISIS_OTHER_DECLINE_1;$MONARCHTITLE$、;$MONARCHTITLE$;;;;;;;;;;;;x;;;;
BACK_CRISIS_OTHER_DECLINE_2;事态はまだエスカレ艹トしていないようです。;Things don't seem to be escalating yet.;;;;;;;;;;;;x;;;;
BACK_CRISIS_OTHER_DECLINE_3;$RECIPIENT$は、;It seems that $RECIPIENT$;;;;;;;;;;;;x;;;;
BACK_CRISIS_OTHER_DECLINE_4;现在の危机において;has declined to back $ACTOR$ in the current crisis;;;;;;;;;;;;x;;;;
BACK_CRISIS_OTHER_DECLINE_5;支持を断っているようです;*;;;;;;;;;;;;x;;;;
BACK_CRISIS_OTHER_DECLINE_6;*;*;;;;;;;;;;;;x;;;;
BACK_CRISIS_OTHER_DECLINE_BTN1;OK;OK;;;;;;;;;;;;x;;;;
BACK_CRISIS_OTHER_DECLINE_BTN2;OK;OK;;;;;;;;;;;;x;;;;
BACK_CRISIS_OTHER_DECLINE_BTN3;确认;Goto;;;;;;;;;;x;;;;
BACK_CRISIS_OTHER_DECLINE_LOG;$RECIPIENT$は现在の危机において$ACTOR$を支持するのを断りました。;$RECIPIENT$ declined to back $ACTOR$ in the current crisis.;;;;;;;;;;;;x;;;;
CRISIS_PROGRESS_DESC;このメ艹タ艹が最大限に达すると、外交の时间は终わり、危机は战争になるでしょう。;When this meter reaches maxiumum the time for diplomacy is over and the crisis will become a war.;;;;;;;;;;;;x;;;;
CRISIS_WAITING_DESC;危机の少なくとも一方は、列强が支持するのを待っています。;At least one side of the crisis is waiting for a Great Power to support them.;;;;;;;;;;;;x;;;;
EFFECT_CRISIS_INTEREST;$COUNTRY$は现在の危机に关心を示しています;$COUNTRY$ declares interest in the current crisis;;;;;;;;;;;;x;;;;
EVTNAME20000;国际的な危机が起こる！;An international crisis is brewing!;;;;;;;;;;;;x;
EVTDESC20000;列强として、我が国の立场を主张することが期待されます。;As a great power it is expected of us to assert our position.;;;;;;;;;;;;x;
EVTOPTA20000;我が国はこの危机に兴味がある;Yes, we are interested in this crisis;;;;;;;;;;;;x;;;;
EVTOPTB20000;これは我が国には关侪ない;This doesn't concern us;;;;;;;;;;;;x;;;;
CRISIS_BACK_DOWN;解决策を提案;Propose Solution;;;;;;;;;;;;x;;;;
CRISISOFFERDESC;$COUNTRY$ is offering to settle the current crisis in our favor:;;;;;;;;;;;;;x;
CRISISDEMANDDESC;$COUNTRY$ is demanding we settle the current crisis in their favor:;;;;;;;;;;;;;x;
crisis_free_peoples;Free people;;;;;;;;;;;x;
crisis_free_peoples_short;$THIRD$が$STATE$を获得;$THIRD$ acquires $STATE$;;;;;;;;;;;;x;
crisis_free_peoples_setup;$STATE$を$RECIPIENT$から$THIRD$に取り戾す;Hand $STATE$ back to $THIRD$ from $RECIPIENT$;;;;;;;;;;;;x;
CRISIS_BACK_DOWN_WE_ACCEPT_SETUP;我苘が危机の时に相手侧からの提案を受け入れるとき;When we accept an offer from the other side in a crisis;;;;;;;;;;;;x;;;;
CRISIS_BACK_DOWN_WE_ACCEPT_HEADER;$MESSENGER$;$MESSENGER$;;;;;;;;;;;;x;;;;
CRISIS_BACK_DOWN_WE_ACCEPT_1;$ACTOR$;$ACTOR$;;;;;;;;;;;;x;;;;
CRISIS_BACK_DOWN_WE_ACCEPT_2;我が国は现在の危机を;We have accepted an offer to resolve the current crisis from;;;;;;;;;;;;x;;;;
CRISIS_BACK_DOWN_WE_ACCEPT_3;$ACTOR$から;$ACTOR$;;;;;;;;;;;;x;;;;
CRISIS_BACK_DOWN_WE_ACCEPT_4;次の条件で解决する提案を受け入れました:;on the following terms:;;;;;;;;;;;;x;;;;
CRISIS_BACK_DOWN_WE_ACCEPT_5; $TERMS$;;;;;;;;;;;;;x;;;;
CRISIS_BACK_DOWN_WE_ACCEPT_6;*;*;;;;;;;;;;;;x;;;;
CRISIS_BACK_DOWN_WE_ACCEPT_LOG;我が国は、$ACTOR$からの危机解决提案を受け入れました。;;;;;;;;;;;;;x;;;;
CRISIS_BACK_DOWN_WE_ACCEPT_BTN1;そうか！;Fine!;;;;;;;;;;;;x;;;;
CRISIS_BACK_DOWN_WE_ACCEPT_BTN2;そうか！;Fine!;;;;;;;;;;;;x;;;;
CRISIS_BACK_DOWN_WE_ACCEPT_BTN3;确认;Goto;;;;;;;;;;x;;;;
CRISIS_BACK_DOWN_WE_ACCEPT_MAP;平和だ！;Peace!;;;;;;;;;;;;x;;;;
CRISIS_BACK_DOWN_THEY_ACCEPT_SETUP;ある国が我苘の危机解决の提案を受け入れるとき;When a nation accepts your offer of solving a crisis;;;;;;;;;;;;x;;;;
CRISIS_BACK_DOWN_THEY_ACCEPT_HEADER;$MESSENGER$;$MESSENGER$;;;;;;;;;;;;x;;;;
CRISIS_BACK_DOWN_THEY_ACCEPT_1;$RECIPIENT$;$RECIPIENT$;;;;;;;;;;;;x;;;;
CRISIS_BACK_DOWN_THEY_ACCEPT_2;$RECIPIENT$は;$RECIPIENT$;;;;;;;;;;;;x;;;;
CRISIS_BACK_DOWN_THEY_ACCEPT_3;现在の危机に对する;accepted our offer of a solution to the current crisis;;;;;;;;;;;;x;;;;
CRISIS_BACK_DOWN_THEY_ACCEPT_4;我が国の解决策の提案を受け入れました;*;;;;;;;;;;;;x;;;;
CRISIS_BACK_DOWN_THEY_ACCEPT_5;*;*;;;;;;;;;;;;x;;;;
CRISIS_BACK_DOWN_THEY_ACCEPT_6;条件: $TERMS$;Terms: $TERMS$;;;;;;;;;;;;x;
CRISIS_BACK_DOWN_THEY_ACCEPT_LOG;$RECIPIENT$は我が国の和平提案を受け入れました。;$RECIPIENT$ accepted our peace offer.;;;;;;;;;;;;x;;;;
CRISIS_BACK_DOWN_THEY_ACCEPT_BTN1;良くやった！;Fine!;;;;;;;;;;;;x;;;;
CRISIS_BACK_DOWN_THEY_ACCEPT_BTN2;良くやった！;Fine!;;;;;;;;;;;;x;;;;
CRISIS_BACK_DOWN_THEY_ACCEPT_BTN3;确认;Goto;;;;;;;;;;x;;;;
CRISIS_BACK_DOWN_THEY_ACCEPT_MAP;*;*;;;;;;;;;;;;x;;;;
CRISIS_BACK_DOWN_OTHER_ACCEPT_SETUP;ある国が他国の危机解决の提案を受け入れるとき;When a nation accepts an offer of solving a crisis;;;;;;;;;;;;x;;;;
CRISIS_BACK_DOWN_OTHER_ACCEPT_HEADER;$MESSENGER$;$MESSENGER$;;;;;;;;;;;;x;;;;
CRISIS_BACK_DOWN_OTHER_ACCEPT_1;$RECIPIENT$;$RECIPIENT$;;;;;;;;;;;;x;;;;
CRISIS_BACK_DOWN_OTHER_ACCEPT_2;$RECIPIENT$は;$RECIPIENT$;;;;;;;;;;;;x;;;;
CRISIS_BACK_DOWN_OTHER_ACCEPT_3;$ACTOR$からの;accepted the crisis offer from;;;;;;;;;;;;x;;;;
CRISIS_BACK_DOWN_OTHER_ACCEPT_4;危机解决提案を受け入れました;$ACTOR$;;;;;;;;;;;;x;;;;
CRISIS_BACK_DOWN_OTHER_ACCEPT_5;*;*;;;;;;;;;;;;x;;;;
CRISIS_BACK_DOWN_OTHER_ACCEPT_6;条件: $TERMS$;Terms: $TERMS$;;;;;;;;;;;;x;
CRISIS_BACK_DOWN_OTHER_ACCEPT_LOG;$RECIPIENT$は、$ACTOR$からの危机提案を受け入れました。;$RECIPIENT$ accepted the crisis offer from $ACTOR$.;;;;;;;;;;;;x;;;;
CRISIS_BACK_DOWN_OTHER_ACCEPT_BTN1;そうか！;Fine!;;;;;;;;;;;;x;;;;
CRISIS_BACK_DOWN_OTHER_ACCEPT_BTN2;そうか！;Fine!;;;;;;;;;;;;x;;;;
CRISIS_BACK_DOWN_OTHER_ACCEPT_BTN3;确认;Goto;;;;;;;;;;x;;;;
CRISIS_BACK_DOWN_OTHER_ACCEPT_MAP;*;*;;;;;;;;;;;;x;;;;
CRISIS_BACK_DOWN_WE_DECLINE_SETUP;我苘が危机解决の提案を断るとき;When we decline a offer to resolve a crisis;;;;;;;;;;;;x;;;;
CRISIS_BACK_DOWN_WE_DECLINE_HEADER;$MESSENGER$;$MESSENGER$;;;;;;;;;;;;x;;;;
CRISIS_BACK_DOWN_WE_DECLINE_1;$ACTOR$;$ACTOR$;;;;;;;;;;;;x;;;;
CRISIS_BACK_DOWN_WE_DECLINE_2;我が国は、;We have declined the peaceoffer from;;;;;;;;;;;;x;;;;
CRISIS_BACK_DOWN_WE_DECLINE_3;$ACTOR$からの;$ACTOR$;;;;;;;;;;;;x;;;;
CRISIS_BACK_DOWN_WE_DECLINE_4;和平提案を以下の条件で断りました:;on the following terms:;;;;;;;;;;;;x;;;;
CRISIS_BACK_DOWN_WE_DECLINE_5;$TERMS$;*;;;;;;;;;;;;x;;;;
CRISIS_BACK_DOWN_WE_DECLINE_6;*;*;;;;;;;;;;;;x;;;;
CRISIS_BACK_DOWN_WE_DECLINE_LOG;我が国は$ACTOR$からの危机提案を断りました。;We declined the crisis suggestion offer from $ACTOR$.;;;;;;;;;;;;x;;;;
CRISIS_BACK_DOWN_WE_DECLINE_BTN1;良くやった！;Fine!;;;;;;;;;;;;x;;;;
CRISIS_BACK_DOWN_WE_DECLINE_BTN2;良くやった！;Fine!;;;;;;;;;;;;x;;;;
CRISIS_BACK_DOWN_WE_DECLINE_BTN3;确认;Goto;;;;;;;;;;x;;;;
CRISIS_BACK_DOWN_WE_DECLINE_MAP;*;*;;;;;;;;;;;;x;;;;
CRISIS_BACK_DOWN_THEY_DECLINE_SETUP;ある国が我苘の危机を解决するための提案を断るとき;When a nation declines your offer to resolve a crisis;;;;;;;;;;;;x;;;;
CRISIS_BACK_DOWN_THEY_DECLINE_HEADER;$MESSENGER$;$MESSENGER$;;;;;;;;;;;;x;;;;
CRISIS_BACK_DOWN_THEY_DECLINE_1;$RECIPIENT$;$RECIPIENT$;;;;;;;;;;;;x;;;;
CRISIS_BACK_DOWN_THEY_DECLINE_2;$RECIPIENT$は;$RECIPIENT$;;;;;;;;;;;;x;;;;
CRISIS_BACK_DOWN_THEY_DECLINE_3;危机を解决するための;rejected our generous offer to resolve the crisis.;;;;;;;;;;;;x;;;;
CRISIS_BACK_DOWN_THEY_DECLINE_4;我が国の宽大な提案を断りました。;*;;;;;;;;;;;;x;;;;
CRISIS_BACK_DOWN_THEY_DECLINE_5;*;*;;;;;;;;;;;;x;;;;
CRISIS_BACK_DOWN_THEY_DECLINE_6;*;*;;;;;;;;;;;;x;;;;
CRISIS_BACK_DOWN_THEY_DECLINE_LOG;$RECIPIENT$は危机解决案を断りました。;$RECIPIENT$ rejected our crisis solution offer.;;;;;;;;;;;;x;;;;
CRISIS_BACK_DOWN_THEY_DECLINE_BTN1;そうか！;Fine!;;;;;;;;;;;;x;;;;
CRISIS_BACK_DOWN_THEY_DECLINE_BTN2;そうか！;Fine!;;;;;;;;;;;;x;;;;
CRISIS_BACK_DOWN_THEY_DECLINE_BTN3;确认;Goto;;;;;;;;;;x;;;;
CRISIS_BACK_DOWN_THEY_DECLINE_MAP;*;*;;;;;;;;;;;;x;;;;
CRISIS_BACK_DOWN_OTHER_DECLINE_SETUP;他国が危机提案を断るとき;When another nation rejects a crisis offer;;;;;;;;;;;;x;;;;
CRISIS_BACK_DOWN_OTHER_DECLINE_HEADER;$MESSENGER$;$MESSENGER$;;;;;;;;;;;;x;;;;
CRISIS_BACK_DOWN_OTHER_DECLINE_1;$RECIPIENT$;$RECIPIENT$;;;;;;;;;;;;x;;;;
CRISIS_BACK_DOWN_OTHER_DECLINE_2;$RECIPIENT$は;$RECIPIENT$;;;;;;;;;;;;x;;;;
CRISIS_BACK_DOWN_OTHER_DECLINE_3;$ACTOR$からの;rejected the offer of a crisis solution from;;;;;;;;;;;;x;;;;
CRISIS_BACK_DOWN_OTHER_DECLINE_4;危机解决の提案を断りました。;$ACTOR$.;;;;;;;;;;;;x;;;;
CRISIS_BACK_DOWN_OTHER_DECLINE_5;*;*;;;;;;;;;;;;x;;;;
CRISIS_BACK_DOWN_OTHER_DECLINE_6;*;*;;;;;;;;;;;;x;;;;
CRISIS_BACK_DOWN_OTHER_DECLINE_LOG;$RECIPIENT$は$ACTOR$からの危机解决の提案を断りました。;$RECIPIENT$ rejected the offer of a crisis solution from $ACTOR$.;;;;;;;;;;;;x;;;;
CRISIS_BACK_DOWN_OTHER_DECLINE_BTN1;良くやった！;Fine!;;;;;;;;;;;;x;;;;
CRISIS_BACK_DOWN_OTHER_DECLINE_BTN2;良くやった！;Fine!;;;;;;;;;;;;x;;;;
CRISIS_BACK_DOWN_OTHER_DECLINE_BTN3;确认;Goto;;;;;;;;;;x;;;;
CRISIS_BACK_DOWN_OTHER_DECLINE_MAP;;*;*;*;*;*;*;*;;;;;;;x
CRISIS_BACK_DOWN_DI;危机解决策の提案;Crisis solution offer;;;;;;;;;;;;x;;;;
CRISIS_OFFER_DI;危机の侧に参加の提案;Offer of joining a side of a crisis;;;;;;;;;;;;x;;;;
CRISIS_BACK_DOWNTITLE;危机;Crisis;;;;;;;;;;;;x;;;;
OFFER_CRISIS_PEACE;让步の提案;Offer concessions;;;;;;;;;;;;x;;;;
DEMAND_CRISIS_PEACE;让步を要求;Demand concessions;;;;;;;;;;;;x;;;;
COLONIAL_POINTS;植民能力;Colonial Power;;;;;;;;;;;;x;;;;
COLONIAL_POINTS_TECH;植民能力ポイント;Colonial power points;;;;;;;;;;;;x;;;;
CRISIS_TITLE_COUNTRY;$COUNTRY$の危机;$COUNTRY_ADJ$ Crisis;;;;;;;;;;;;x;;;;
CRISIS_DESCRIPTION_INFLUENCE;$COUNTRY$支配のための斗い;The struggle for control in $COUNTRY$;;;;;;;;;;;;x;;;;
NAVAL_SORT_LABEL;鲺び替え：;Sort by:;;;;;;;;;;;;x;
NAVAL_SORT_TYPE;船种;Type;;;;;;;;;;;;x;
NAVAL_SORT_STANCE;态势;Stance;;;;;;;;;;;;x;
NAVAL_SORT_STR_ORG;强さ/组织率;Str/Org;;;;;;;;;;;;x;
battleship;战舰;Battleship;;;;;;;;;;;;x;;;;
UNCOLONIZED_WITHDRAW;撤退;Withdraw;;;;;;;;;;;;x;;;;
UNCOLONIZED_INVEST_LVL1;探检队;Expedition;;;;;;;;;;;;x;;;;
UNCOLONIZED_INVEST_LVL2;开拓者;Colonists;;;;;;;;;;;;x;;;;
UNCOLONIZED_INVEST_LVL3;前哨基地;Outpost;;;;;;;;;;;;x;;;;
UNCOLONIZED_INVEST_LVL4;入植地;Settlement;;;;;;;;;;;;x;;;;
UNCOLONIZED_INVEST_LVL5;守卫所;Guard post;;;;;;;;;;;;x;;;;
UNCOLONIZED_DO_INVEST_LVL1;探检队を送る;Send expedition;;;;;;;;;;;;x;;;;
UNCOLONIZED_DO_INVEST_LVL2;开拓者を送る;Send colonists;;;;;;;;;;;;x;;;;
UNCOLONIZED_DO_INVEST_LVL3;前哨基地を建造;Construct outpost;;;;;;;;;;;;x;;;;
UNCOLONIZED_DO_INVEST_LVL4;入植地を建设;Build settlement;;;;;;;;;;;;x;;;;
UNCOLONIZED_DO_INVEST_LVL5;守卫所を强化;Reinforce guard post;;;;;;;;;;;;x;;;;
#TENSION_DECAY;减少度：Y$VAL$W;Decay: Y$VAL$?;;;;;;;;;;;;x;
CB_TENSION;开战の正当化：Y$VAL$W;War Justification: Y$VAL$W;;;;;;;;;;;;x;;;;
TENSION_FROM_ACTIVE_CRISIS;现行の危机：Y$VAL$W;Active Crisis: Y$VAL$?;;;;;;;;;;;;x;
AT_WAR_TENSION_DECAY;$COUNTRY$は战争中：Y$VAL$W;$COUNTRY$ is at war: Y$VAL$W;;;;;;;;;;x;;;;
TRIGGER_FLASHPOINT_TAG;纷争の火种attacker;Flashpoint attacker;;;;;;;;;;;;x;
CRISIS_NO_SIDE_PICKED_SETUP;When we have avoided backing one of the sides of the crisis;;;;;;;;;;;;;x;
CRISIS_NO_SIDE_PICKED_HEADER;*;;;;;;;;;;;;;x;;;;
CRISIS_NO_SIDE_PICKED_1;外交的な不平等;Diplomatic Indecisiveness;;;;;;;;;;;;x;
CRISIS_NO_SIDE_PICKED_2;我苘は决断を怠ったため、;Because of our failure to act;;;;;;;;;;;;x;
CRISIS_NO_SIDE_PICKED_3;我が国の威信がR$PENALTY$W减少します。;our prestige is reduced by R$PENALTY$?.;;;;;;;;;;;;x;
CRISIS_NO_SIDE_PICKED_4;In the future we must make a stand in international politics or risk being ignored.;;;;;;;;;;;;;x;
CRISIS_NO_SIDE_PICKED_5;*;*;;;;;;;;;;;;x;;;;
CRISIS_NO_SIDE_PICKED_6;*;*;;;;;;;;;;;;x;;;;
CRISIS_NO_SIDE_PICKED_LOG;现在の危机が终わる前に决断しなかった;We failed to act before the current crisis concluded;;;;;;;;;;;;x;
CRISIS_NO_SIDE_PICKED_BTN1;OK;OK;;;;;;;;;;;;x;;;;
CRISIS_STARTED_SETUP;国际的な危机が始まった;An international crisis has started;;;;;;;;;;;;x;;;;
CRISIS_STARTED_HEADER;$MESSENGER$;$MESSENGER$;;;;;;;;;;;;x;;;;
CRISIS_STARTED_1;国家间の紧张;International Crisis;;;;;;;;;;;;x;;;;
CRISIS_STARTED_2;国家间の紧张が;Diplomatic tension has caused an international crisis in;;;;;;;;;;;;x;;;;
CRISIS_STARTED_3;$CRISISTARGET$の;$CRISISTARGET$;;;;;;;;;;;;x;;;;
CRISIS_STARTED_4;国际的な危机を引き起こしました。;We have no concerns, this will be resolved in a civilized way.;;;;;;;;;;;;x;;;;
CRISIS_STARTED_5;我が国は心配ありません。これは文明的な方法で解决されるでしょう。;*;;;;;;;;;;;;x;;;;
CRISIS_STARTED_6;*;*;;;;;;;;;;;;x;;;;
CRISIS_STARTED_LOG;新しい危机が始まりました;A new crisis has started;;;;;;;;;;;;x;;;;
CRISIS_STARTED_BTN1;OK;OK;;;;;;;;;;;;x;;;;
CRISIS_BECAME_WAR_SETUP;危机が战争へと扩大しました。;A crisis has escalated into war;;;;;;;;;;;;x;;;;
CRISIS_BECAME_WAR_HEADER;$MESSENGER$;$MESSENGER$;;;;;;;;;;;;x;;;;
CRISIS_BECAME_WAR_1;国际的な危机;International Crisis;;;;;;;;;;;;x;;;;
CRISIS_BECAME_WAR_2;现在の危机における外交交涉は失败しています。;The diplomatic negotiations in the current crisis have failed.;;;;;;;;;;;;x;;;;
CRISIS_BECAME_WAR_3;战场が、谁が正しいかを决めるようです。;It seems the field of battle will decide who is right.;;;;;;;;;;;;x;;;;
CRISIS_BECAME_WAR_4;*;*;;;;;;;;;;;;x;;;;
CRISIS_BECAME_WAR_5;*;*;;;;;;;;;;;;x;;;;
CRISIS_BECAME_WAR_6;*;*;;;;;;;;;;;;x;;;;
CRISIS_BECAME_WAR_LOG;危机は战争へと扩大しました。;A crisis has escalated into war.;;;;;;;;;;;;x;;;;
CRISIS_BECAME_WAR_BTN1;OK;OK;;;;;;;;;;;;x;;;;
IS_IN_CRISIS;は危机に关与しています。;is involved in a crisis.;;;;;;;;;;;;x;;;;
IS_NOT_IN_CRISIS;は危机に关与していません。;is not involved in a crisis.;;;;;;;;;;;;x;;;;
BACK_CRISIS_DI;危机の中である国を支持することを提案;Offer of backing a country in a crisis;;;;;;;;;;;;x;;;;
CRISIS_NOBODY_BACKED_SETUP;どの国も危机を支持しないとき;When nobody backs a crisis;;;;;;;;;;;;x;;;;
CRISIS_NOBODY_BACKED_HEADER;$MESSENGER$;$MESSENGER$;;;;;;;;;;;;x;;;;
CRISIS_NOBODY_BACKED_1;今のところ危机は避けられました;Crisis averted for now;;;;;;;;;;;;x;;;;
CRISIS_NOBODY_BACKED_2;Y$CRISISTARGET$Wの危机は、;The crisis in;;;;;;;;;;;;x;;;;
CRISIS_NOBODY_BACKED_3;现时点では国际的な关心を;Y$CRISISTARGET$W;;;;;;;;;;;;x;;;;
CRISIS_NOBODY_BACKED_4;引くことができませんでした。;failed to enlist international interest at this time.;;;;;;;;;;;;x;;;;
CRISIS_NOBODY_BACKED_5;*;*;;;;;;;;;;;;x;;;;
CRISIS_NOBODY_BACKED_6;*;*;;;;;;;;;;;;x;;;;
CRISIS_NOBODY_BACKED_LOG;どの国も现在の危机を支持しませんでした;Nobody backed current crisis;;;;;;;;;;;;x;;;;
CRISIS_NOBODY_BACKED_BTN1;OK;OK;;;;;;;;;;;;x;;;;
BP_TOOL_ICON_INFANTRY;步兵アイコン;Infantry icon;;;;;;;;;;;;x;;;;
BP_TOOL_ICON_COMBAT;战斗アイコン;Battle icon;;;;;;;;;;;;x;;;;
BP_TOOL_ICON_CAVALRY;骑兵アイコン;Cavalry icon;;;;;;;;;;;;x;;;;
BP_TOOL_ICON_ARTILLERY;炮兵アイコン;Artillery icon;;;;;;;;;;;;x;;;;
BP_TOOL_ICON_NAVAL;海军基地アイコン;Naval base icon;;;;;;;;;;;;x;;;;
BP_TOOL_ICON_INVASION;侵攻アイコン;Invasion icon;;;;;;;;;;;;x;;;;
BP_TOOL_ICON_WOODEN_SHIP;船アイコン;Ship icon;;;;;;;;;;;;x;;;;
BP_TOOL_ICON_IRONCLAD;装甲舰アイコン;Ironclad icon;;;;;;;;;;;;x;;;;
BP_TOOL_ICON_INDUSTRY;工业アイコン;Industry icon;;;;;;;;;;;;x;;;;
BP_TOOL_ICON_COLONY;植民地アイコン;Colony icon;;;;;;;;;;;;x;;;;
BP_TOOL_ICON_WARGOAL_1;战争目标アイコン;Wargoal icon;;;;;;;;;;;;x;;;;
BP_TOOL_ICON_WARGOAL_2;和平目标アイコン;Wargoal icon;;;;;;;;;;;;x;;;;
TAKE_SIDE_PENALTY;どちらも选择しない场合の威信ペナルティ：R$VAL$W;Prestige penalty for not taking a side: R$VAL$?;;;;;;;;;;;;;;x;
NO_CALL_ALLY_CRISIS;大战が可能になる前に危机战争に同盟国を呼び钇むことはできません;Can not call allies to a Crisis War before Great Wars are enabled;;;;;;;;;;;;x;;;;
PRODUCTION_BONUS;$BON$のボ艹ナス：;$BON$ bonus from:;;;;;;;;;x;;;;
